text,label
这家酒店住下来不好不坏，没有惊喜也没失望。,1
这本书读起来一般般，没什么特别的感觉。,1
这个苹果味道还行，不算甜也不算酸。,1
外卖送得挺快，但味道也就是一般水平。,1
这件衣服穿上身效果一般，不好不坏吧。,1
这款手机用了一周，各方面都中规中矩。,1
酒店早餐种类不多不少，只能算凑合。,1
这本书的情节平淡，谈不上精彩也不算无聊。,1
香蕉熟度刚好，但也没什么突出的。,1
外卖的包装挺严实，口味就那样吧。,1
这件夹克的版型一般，没有宣传的好看。,1
平板电脑的续航还可以，没想象中强。,1
酒店的前台服务态度说不上好也说不上差。,1
这本书的文笔普通，读完后印象不深。,1
草莓个头不大不小，味道一般般。,1
外卖的份量刚好够吃，但味道平平。,1
这条裤子的面料还行，就是版型普普通通。,1
耳机的音质说不上好，但也挑不出大毛病。,1
酒店的床垫软硬适中，睡着还行吧。,1
这本书的封面设计一般般，不难看也不惊艳。,1
橙子水分还可以，就是不怎么甜。,1
外卖的配送准时，但菜品温度有点温吞。,1
这件毛衣的手感一般，没有想象中柔软。,1
笔记本的性能够用，但也不是多强悍。,1
酒店的毛巾清洁度尚可，没发现污渍。,1
这本书的逻辑结构还行，就是有点啰嗦。,1
葡萄粒挺大，但甜度一般般。,1
外卖的汤面有点坨了，口味凑合。,1
这件风衣的颜色很普通，穿起来没啥亮点。,1
智能手表的功能该有的都有，但也仅此而已。,1
酒店的隔音效果一般，能听到走廊声音。,1
这本书的案例不够新颖，还行吧。,1
西瓜挺大一个，但甜度中等偏下。,1
外卖的辣度说我选了中辣，实际偏淡。,1
这件衬衫的扣子挺结实，其他没感觉。,1
手机的拍照效果普通，不算差也说不上好。,1
酒店的电梯速度慢了点，但也能接受。,1
这本书的结尾有点仓促，整体一般。,1
桃子的果肉偏硬，味道一般。,1
外卖的醋包有点漏了，口味没受影响也不惊艳。,1
这件卫衣的厚度适中，春秋穿还行。,1
音箱的低音效果一般，听听播客够用。,1
酒店的淋浴水压不稳定，但还能洗澡。,1
这本书的排版有点密，看着费劲但能接受。,1
菠萝有点生，酸味偏重但不难吃。,1
外卖的奶茶甜度刚好，但珍珠不够Q弹。,1
这件羽绒服保暖还行，就是有点厚重。,1
显示器的色彩正常，没有偏色但也不鲜艳。,1
酒店的一次性拖鞋有点薄，凑合穿。,1
这本书的案例挺多，但深度不够。,1
车厘子的个头中等，味道不酸不甜。,1
外卖的炸鸡有点油了，但脆度还行。,1
这件牛仔外套的水洗效果普通，不丑不美。,1
充电宝的电量够充两次，中规中矩吧。,1
酒店的房间异味不大，但也不算清新。,1
这本书的翻译还算通顺，就是少了点味道。,1
猕猴桃有点硬，放两天应该刚好。,1
外卖的米饭有点干，菜的味道过得去。,1
这件POLO衫的领子没变形，就这么穿吧。,1
鼠标的握感一般，用久了不累也不舒服。,1
酒店的花洒出水还行，没什么毛病。,1
这本书的插画画风有点粗糙，但能看懂。,1
芒果的纤维挺多，口感一般般。,1
外卖的汤盅密封好，味道没什么惊艳。,1
这条裙子的拉链顺滑，款式很普通。,1
键盘的按键反馈中等，打字没问题。,1
酒店的牙刷毛有点硬，勉强能用。,1
这本书的书名起得一般，内容也平。,1
山竹的果肉白净，但甜度不够。,1
外卖的保温袋保温效果普通，拿到手温温的。,1
这件背心的弹性可以，也不紧绷。,1
路由器的信号穿一堵墙还行，两堵就不行了。,1
酒店的浴巾吸水一般，不算好也不算差。,1
这本书的后记比正文有意思，但也就那样。,1
榴莲的榴莲味不太浓，对新手友好。,1
外卖的免配送费挺好，味道就普通了。,1
这件棉服的充绒量够，但外壳有点硬。,1
一体机的风扇声音不算吵，但能听见。,1
酒店的枕头有股洗涤剂味，还行吧不刺鼻。,1
这本书的赠品书签挺普通，没收藏价值。,1
龙眼的肉挺厚，甜味一般般。,1
外卖的送餐员挺客气，餐食口味无感。,1
这件针织衫没起球，但穿久了可能会。,1
手机的震动反馈力度适中，不够干脆。,1
酒店的烧水壶有水垢，但清理过能接受。,1
这本书的护封有点紧，取下来费劲。,1
石榴的颗粒颜色不够红，味道还行。,1
外卖的炸鸡块大小不均匀，口感有差异。,1
这件西装的肩部垫肩厚度中等，穿起来不别扭。,1
投影仪的亮灯下看不太清，暗环境还行。,1
酒店的毛巾叠整齐，但有点硬。,1
这本书的脚注太多，影响阅读但信息足。,1
荔枝的核大小中等，肉不算厚。,1
外卖的满减算下来便宜了几块，味道没区别。,1
这件蕾丝衫的蕾丝有点扎皮肤，但还能穿。,1
手环的计步准不准不知道，反正有个数。,1
酒店的洗手液香味太淡，洗完没味道。,1
这本书的书签丝带容易勾丝，但能用。,1
蜜瓜的中间甜边上淡，整体可以。,1
外卖的送达时间预计内，但菜有点凉了。,1
这件连体裤上厕所不方便，但样子还行。,1
录音笔的录音质量清晰但不惊艳。,1
酒店的节水马桶冲力一般，要按两次。,1
这本书的出版月份是8月，没什么特别。,1
枇杷的果肉不够细腻，口感一般。,1
外卖的餐盒盖子有点烫手，但能端起来。,1
这件防晒衣的透气性尚可，不闷也不凉快。,1
扫地机器人会漏扫角落，但大部分地方干净。,1
酒店的床头抽纸质量一般，有点薄。,1
这本书的烫金标题有点掉色，但不影响。,1
柠檬片放了两片，酸味刚好到位。,1
外卖的酱汁偏咸，拌饭吃还行。,1
这件睡衣的扣子眼有点紧，扣起来费劲。,1
智能音箱的识别速度中等，说三次能对两次。,1
酒店电视机的频道挺多，但不看。,1
这本书的第二版多了几章，改动不大。,1
无花果的籽咯吱咯吱的，口感特别但不难吃。,1
外卖的塑料袋收费就收了，餐食普通。,1
这件运动裤的束脚有点紧，习惯就好。,1
耳放推大耳勉强够，不够惊艳。,1
酒店拨前台响三声才接，服务反应还行。,1
这本书的作者简介写得很官方，没印象。,1
百香果的籽咬着有点酸，但能接受。,1
外卖的多加香菜加了挺多，口味没提升。,1
这件针织开衫的扣子有点松，缝缝还能穿。,1
电子阅读器的翻页闪屏明显，但能忍。,1
酒店的吹风机风力一般，长发要吹很久。,1
这本书的纸张颜色不刺眼，但也不护眼。,1
桂圆的干湿度刚好的，味道一般。,1
外卖送的小瓶水是杂牌，也能喝。,1
这件半身裙的侧面拉链不卡，但腰围偏大。,1
扩展坞插U盘识别快，但不稳定有时掉。,1
酒店的无纺布拖鞋走两步就破了，凑合穿。,1
这本书的抽象画封面看不太懂，也无所谓。,1
椰子水不甜不淡，喝了解渴。,1
外卖的酸辣粉粉条有点软了，汤味还行。,1
这件马甲的V字领有点深，里面得搭内搭。,1
NAS的安装不难，就是设置有点繁琐。,1
酒店的独立香皂用了一次就发软，能洗。,1
这本书的词汇量不算难，初中生看得懂。,1
杨梅的核小肉厚，但味道偏酸。,1
外卖的包装透气孔让汤洒了点，还好不多。,1
这件泳衣的弹力不错，就是颜色显黑。,1
摄像头的夜视效果能看到轮廓，不够清晰。,1
酒店的立顿红茶包泡出来味淡，将就喝。,1
这本书的书脊纹路摸起来舒服，但易积灰。,1
冬枣的甜度还行，就是有的不脆。,1
外卖的中辣辣度对我来说正好，不重不轻。,1
这件健身服的透气网排汗一般，但还算干爽。,1
移动硬盘的传输速度稳定，不快不慢。,1
酒店的WiFi密码简单，但连接后网速一般。,1
这本书的文末索引挺全，但用不上。,1
哈密瓜的果肉软硬刚好，甜度不足。,1
外卖的免葱真的没放，味道少了点什么。,1
这件吊带裙的肩带调节范围大，穿起来滑肩。,1
机械键盘的RGB灯光不够亮，白天看不出来。,1
酒店的玻璃门推拉有点涩，不影响使用。,1
这本书的封底条形码扫出来是正品，价格一般。,1
雪梨的果肉脆度中等，不惊艳但还行。,1
外卖的独立醋包我全放了，酸了点但能喝。,1
这件冲锋衣的内胆拆了之后外壳很薄，春秋穿。,1
电视棒的系统界面流畅度一般，偶尔卡顿。,1
酒店的床垫不硬不软，睡醒腰不酸。,1
这本书的赠书标签贴位置歪了，无伤大雅。,1
火龙果的黑籽挺多，口感略咯牙但不影响。,1
外卖的白色方形餐垫纸挺大，没用上。,1
这件汉服的直筒袖活动方便，但不够飘逸。,1
触控笔的笔尖有点滑，写字需要适应。,1
酒店的餐厅角落消毒柜没开，但餐具看着干净。,1
这本书的扉页签名印刷体不够清晰，能认出。,1
柚子肉的颗粒虽然饱满，但水分一般。,1
外卖的米饭压得有点实，拌饭费力。,1
这件衬衫裙的同色腰带有点短，勉强系上。,1
智能锁的指纹识别偶尔失败，按两次能开。,1
酒店的不锈钢毛巾杆挺结实，但位置有点高。,1
这本书的印刷清晰但墨色不均，还行吧。,1
青提的果粉一擦就掉，口感脆度一般。,1
外卖的炸鸡外皮不脆不软，温温的。,1
这件旗袍的手工盘扣挺紧，但装饰作用为主。,1
闹钟的数字显示亮度可调，默认偏亮。,1
酒店环境温度22度体感舒适，没什么特殊。,1
这本书的锁线装订挺结实，翻多了会松。,1
柠檬切片厚度刚好泡一杯，不酸不淡。,1
外卖的牛肉面面条宽度0.5cm，口感中规中矩。,1
这件睡袍的腰带长度刚够系个蝴蝶结。,1
充气泵的点烟器插头接触良好，充气速度中等。,1
酒店的浅米色墙壁干净，就是有点单调。,1
这本书的作家获奖但作品不惊艳，就那样。,1
菠萝蜜的果包30个够吃，熟度参差。,1
外卖的酸菜鱼鱼片6片正好，味道普通。,1
这件棉袄的绗缝8cm间距，保暖够用。,1
记录仪140度视角够宽，夜拍噪点多。,1
酒店的20个停车位周末不够，平日还行。,1
这本书的译者来自台湾，用词稍有不同。,1
柿子果肉的涩味没完全脱，吃后舌头有点麻。,1
外卖的餐具包里牙签挺硬，用得上。,1
这件工装裤的4个口袋能装东西，设计普通。,1
播放器支持FLAC格式，音质没听出区别。,1
酒店的绿萝叶子有点黄，但还活着。,1
这本书的封面压纹有质感，容易沾指纹。,1
甘蔗的节间长度10cm左右，咬起来不硬。,1
外卖的酸奶配餐写着赠的，味道一般。,1
这件披肩的流苏长度5cm，装饰效果尚可。,1
VR眼镜的瞳距调好后不晕，视野一般。,1
酒店的农夫山泉矿泉水常温，没冰的。,1
这本书的两篇推荐序一个写得好一个一般。,1
姑娘果的花萼干了，果子还挺新鲜。,1
外卖的圆形纸碗深度够，不洒汤。,1
这件棒球服的袖子皮革拼接处线头有点多。,1
散热器的风扇转速1600转，风量够够但有点吵。,1
酒店的遮光窗帘拉上后不透光，遮光不错。,1
这本书的印数8000册不算多，也不难买。,1
金桔表皮光滑，酸味重了点。,1
外卖的粥品60度刚好入口，稠度适中。,1
这件PU皮衣表面光泽还行，不透气。,1
固态硬盘的500MB/s速度够用，不如NVMe快。,1
酒店的感应垃圾桶反应迟钝，用手按也能开。,1
这本书的黑白线稿插图风格简练，细节少。,1
蓝莓的果霜厚，酸甜可口说不上，普通。,1
外卖的甜点小叉子塑料的，叉蛋糕容易断。,1
这件和服的袖丈49cm，穿起来活动方便但不华丽。,1
路由器的管理IP改过，默认的无所谓。,1
酒店的地下车库限高2米，SUV下不去。,1
这本书的硬纸板书盒有点变形，保护尚可。,1
桑葚的果柄绿色，新鲜度还行但甜度不足。,1
外卖的炒菜油量控制差不多，不油腻。,1
这件波点裙的波点1cm大小，复古风不突出。,1
电源适配器输出12V3A，给路由器供电稳。,1
酒店的衣柜2个衣架勉强够挂外套，凑合用。,1
这本书的80g用纸厚度适中，不透字。,1
枇杷的2-3颗果核卡喉咙小心点，肉不多。,1
外卖的孜然味烧烤撒料均匀，肉有点老。,1
这件皮草的毛针长度2cm，摸起来顺滑但掉毛。,1
绘图板的8192级压感画起来精细，但驱动老要更新。,1
这家酒店的性价比一般，不便宜也不贵。,1
这本书读完之后没什么感觉，就那样吧。,1
这个橘子不酸不甜，味道普普通通。,1
外卖的包装挺用心，但味道一般般。,1
这件外套的版型中规中矩，穿着不丑也不帅。,1
这款电脑运行速度还行，不算快也不卡。,1
酒店的服务态度说不上热情，但也没冷脸。,1
这本书的封面挺好看，内容就一般了。,1
西瓜切开后熟度刚好，就是不够甜。,1
外卖的送餐员态度还行，餐食温温的。,1
这件衬衫的面料普普通通，对得起价格。,1
耳机的佩戴舒适度一般，戴久了会累。,1
酒店的床单看着干净，但有点旧了。,1
这本书的脑洞还行，执行得一般。,1
葡萄的味道不突出，吃完没印象。,1
外卖的汤和面分装的，但还是坨了一点。,1
这件毛衣的柔软度一般，不算扎人也不滑。,1
笔记本的散热还行，风扇声音不大不小。,1
酒店的毛巾叠得整齐，就是有点发硬。,1
这本书的悬念设置一般，猜得到结局。,1
芒果的纤维有点多，吃起来塞牙但不严重。,1
外卖的准时宝赔付了，但饭还是凉了。,1
这条裤子的颜色挺正，版型不太修饰腿型。,1
键盘的敲击声音中等，不吵也不算静音。,1
酒店的淋浴水温调了半天才合适，将就了。,1
这本书的人物塑造平平，没有代入感。,1
草莓的大小不均匀，味道还行吧。,1
外卖的炸鸡撒粉不均匀，有的地方咸。,1
这件风衣的防风效果一般，小风能扛住。,1
智能手表的续航两天一充，不惊艳也不差。,1
酒店的隔音很一般，能听到隔壁说话但听不清。,1
这本书的笑点不多，看着不累也不乐。,1
菠萝的芯有点硬，边上的肉还行。,1
外卖的炒饭粒粒分明但不够香。,1
这件牛仔外套的洗水颜色普普通通，不深不浅。,1
手机的重量适中，拿着不轻不重。,1
酒店的电梯等了大概一分钟，正常水平。,1
这本书的信息密度不大，读着放松。,1
桃子的果肉离核，味道清淡。,1
外卖的醋包我加了半包，味道刚好及格。,1
这件卫衣的印花图案一般，不难看就是了。,1
音箱的蓝牙连接稳定，偶尔断一次。,1
酒店的花洒出水量中等，冲澡没问题。,1
这本书的案例偏老，但道理还在。,1
香蕉的果肉稍微有点生，涩味还在。,1
外卖的奶茶茶味淡，奶味也淡。,1
这件羽绒服的蓬松度一般，穿着暖和但厚重。,1
显示器的亮度默认50%，刚好不刺眼。,1
酒店的一次性梳子齿有点疏，凑合用。,1
这本书的排版留白多，读起来不累但页数虚。,1
车厘子的硬度还行，放了两天没软。,1
外卖的鸡块大小不一，但数量够。,1
这件棉服的领子立起来有点高，放下也行。,1
充电宝的接口松紧度适中，插线不晃。,1
酒店的房间空调声音有时大有时小，没规律。,1
这本书的翻译腔不重，读着顺但没文采。,1
猕猴桃的酸味稍重，得配着甜的东西吃。,1
外卖的米饭量够，菜量偏少。,1
这件POLO衫的领子洗了不变形，但起球了。,1
鼠标的滚轮阻尼中等，不松不紧。,1
酒店的洗手液出液量适中，一次够洗。,1
这本书的插画画风各页不一致，观感一般。,1
山竹的果肉瓣数挺多，甜度普通。,1
外卖的配送员没打电话直接放柜子，不算差。,1
这条裙子的走线工整，设计很保守。,1
键盘的键帽材质摸起来滑滑的，容易打油。,1
酒店的牙刷用了两次就开叉了，还行吧能用。,1
这本书的书名有点标题党，内容还好。,1
杨梅汁水挺多，就是酸得皱眉。,1
外卖的保温袋我留着，但餐食已经温了。,1
这件背心的腋下有点紧，抬手不方便。,1
路由器的设置界面有点复杂，一次配好就不动了。,1
酒店的浴巾吸水还行，但不够厚实。,1
这本书的前半部分拖沓，后半部分还行。,1
榴莲的果肉熟度刚好，气味不冲。,1
外卖的免费小菜给了不少，味道一般。,1
这件棉服的袖口有点进风，但天不冷还好。,1
一体机的屏幕分辨率够用，看视频还行。,1
酒店的枕头高低两个，一个太矮一个太高。,1
这本书的签名版签名是印的，不是手签。,1
龙眼的果肉脆度一般，甜度一般。,1
外卖的送餐员戴了口罩，餐盒没破损。,1
这件针织衫的版型宽松，穿着不显身材。,1
手机的电池续航一天一充，正常水平。,1
酒店的烧水壶水沸自动跳，没毛病。,1
这本书的护封和封面颜色有差异，印偏了但能看。,1
石榴的颗粒色泽发白，味道偏淡。,1
外卖的炸鸡腿个头大小适中，皮不脆肉不柴。,1
这件西装的袖长刚好，肩宽稍窄。,1
投影仪的梯形校正自动调的，画面还是有点歪。,1
酒店的毛巾挂勾位置不太顺手，够得到。,1
这本书的参考文献占了好几页，显得专业。,1
荔枝的甜度中等，肉不算厚核不小。,1
外卖的满减凑单多买了一份，吃不完但也不亏。,1
这件蕾丝衫的袖口有弹性，不勒手。,1
手环的睡眠监测不知道准不准，图个乐。,1
酒店的洗发水洗完头发涩，得用护发素。,1
这本书的书签软塌塌的，夹着容易掉。,1
蜜瓜的果肉靠近皮的部分有点苦，没怎么吃到。,1
外卖的送达时间显示延迟了5分钟，还能接受。,1
这件连体裤的拉链在后背，一个人不好拉。,1
录音笔的电池续航录音6小时，够用。,1
酒店的节水马桶冲水声音不大，冲力一般。,1
这本书的出版年份是2019年，不算新书了。,1
枇杷的果皮不难剥，果肉不算多。,1
外卖的餐盒盖子扣得紧，没洒漏。,1
这件防晒衣的拉链拉到顶会卡下巴，拉低点就行。,1
扫地机器人的回充找了好一会儿，还是回去了。,1
酒店的床头抽纸盒空了也没人换，得自己叫。,1
这本书的烫金标题在光下才亮，暗处看不见。,1
柠檬片给了两片，刚好泡一壶不酸不淡。,1
外卖的酱汁袋子撕口不好撕，用剪刀剪的。,1
这件睡衣的布料洗一次就起球了，但还能穿。,1
智能音箱的闹钟功能能用，音质不讲究。,1
酒店电视机的遥控器不太灵敏，要对准按。,1
这本书的版本更新内容没仔细看，差不多。,1
无花果的新鲜度一般，放了两天有点软了。,1
外卖的塑料袋质量还行，没破。,1
这件运动裤的颜色款式百搭，不丑不潮。,1
耳放的电位器旋转有杂音，但不影响听音乐。,1
酒店拨前台要等一会儿，忙线中。,1
这本书的作者简介照片挺年轻，文笔老练。,1
百香果的酸度偏强，需要加蜂蜜兑着喝。,1
外卖的多加辣加了但量不多，微辣水平。,1
这件针织开衫的纽扣眼有点紧，扣起来费时。,1
电子阅读器的待机时间一周没问题，没惊喜。,1
酒店的吹风机插头线不够长，得凑近镜子吹。,1
这本书的纸张薄厚适中，翻页不会粘手。,1
桂圆的果肉不干不湿，味道普通。,1
外卖送的水是冰露，解渴就行。,1
这件半身裙的腰围刚好，就是短了点坐下要遮。,1
扩展坞接了鼠标键盘没延迟，但偶尔断连。,1
酒店的无纺布拖鞋鞋底有点薄，硌脚。,1
这本书的抽象封面被同事说像儿童画，我觉得还行。,1
椰子水打开就能喝，没有椰肉有点可惜。,1
外卖的酸辣粉醋味不够酸，辣味不够辣。,1
这件马甲的V领开得刚好，搭衬衫不露内搭。,1
NAS的风扇噪音中度，放客厅听不见。,1
酒店的独立香皂纸包装挺精致，皂体一般。,1
这本书的词汇量简单，英语四级就能看。,1
杨梅的个头不大不小，染色不严重。,1
外卖的包装透气孔让菜凉得快，热的时候还行。,1
这件泳衣的胸垫可拆卸，洗的时候容易跑位。,1
摄像头的安装角度可调范围大，但画面有畸变。,1
酒店的立顿红茶包我泡了两包才够味。,1
这本书的书脊纹路容易藏灰，得经常擦。,1
冬枣的个头大小不一，有的脆有的面。,1
外卖的中辣辣度对我来说偏淡，下次点重辣。,1
这件健身服的腰部松紧带有点勒，买大了又松。,1
移动硬盘的外壳是塑料的，手感廉价但能用。,1
酒店的WiFi网速刷视频会卡，看网页还行。,1
这本书的文末索引我从来没翻过，没用上。,1
哈密瓜的切开来瓤不小，甜度一般般。,1
外卖的免葱确实没放，但放了蒜苗我过敏，吃不了。,1
这件吊带裙的肩带总是滑下来，得缝一下。,1
机械键盘的RGB灯光关了，省电模式。,1
酒店的玻璃门推拉有点声音，抹点油就好。,1
这本书的封底条形码扫出来价格比买的便宜，心里不平衡。,1
雪梨的果肉有点面，不够脆但水分多。,1
外卖的独立醋包我每次放半包，味道刚好。,1
这件冲锋衣的内胆拆了之后外壳单薄，秋天穿冷。,1
电视棒的系统升级后变慢了，功能多了几个。,1
酒店的床垫弹簧感明显，翻身有声音。,1
这本书的赠书标签我撕了，留了个胶印。,1
火龙果的红色果肉染色厉害，吃完舌头红。,1
外卖的白色方形餐垫纸我拿来垫骨头了，挺实用。,1
这件汉服的袖口有点大，吃饭容易沾到油。,1
触控笔的笔尖耐磨度还行，用了两周没秃。,1
酒店的消毒柜里的碗还有点湿，自己擦干了用。,1
这本书的扉页签名印刷体看着像手写，挺真但知道是印的。,1
柚子的白皮有点厚，剥起来费劲但肉多。,1
外卖的米饭压得太实了，筷子都戳不动。,1
这件衬衫裙的同色布带系了个蝴蝶结，有点幼稚。,1
智能锁的密码区域没有背光，晚上得摸黑按。,1
酒店的不锈钢毛巾杆冬天摸起来冰手，但能用。,1
这本书的墨色不均有的地方深有的浅，不影响阅读。,1
青提的果粉我洗掉了，味道没变。,1
外卖的炸鸡外皮温了之后软塌塌的，口感下降了。,1
这件旗袍的盘扣是装饰，实际用拉链固定。,1
闹钟的数字显示在阳光下看不清，阴天没问题。,1
酒店的22度空调我觉得刚好，同事说冷。,1
这本书的锁线装订翻多了会松，还没散架。,1
柠檬片的厚度不太均匀，有的厚有的薄。,1
外卖的牛肉面面条宽度不一致，口感有点乱。,1
这件睡袍的腰带洗了一次有点缩水，勉强能系。,1
充气泵的点烟器插头发热，充一个轮胎就烫了。,1
酒店的浅米色墙壁有点脏印没擦干净，不仔细看不出来。,1
这本书的作家我没听说过，作品读着还行。,1
菠萝蜜的果包熟的一包生的一包，看运气。,1
外卖的酸菜鱼鱼片有的碎有的整，份量没少。,1
这件棉袄的绗缝线头有点多，自己剪了。,1
记录仪的夜拍画面偏暗，车牌看不清但路况能看个大概。,1
酒店的20个停车位地下地上都有，地上要抢。,1
这本书的台湾译者用词不习惯，但能看懂。,1
柿子的涩味还没完全脱，吃完舌头有点发麻但过会就好。,1
外卖的牙签两头尖，戳到牙龈了挺疼。,1
这件工装裤的四个口袋其中一个是假的，装饰用。,1
播放器支持FLAC但播久了会发热，外壳烫手。,1
酒店的绿萝叶子黄了我浇了水，不知能活不。,1
这本书的封面压纹容易沾指纹，擦擦就好。,1
甘蔗的节间咬起来有点硬，牙口不好的慎买。,1
外卖的酸奶配餐写着赠，但比超市的稀一点。,1
这件披肩的流苏洗了一次散了，得自己梳整齐。,1
VR眼镜的画面边缘模糊，中间清楚就行。,1
酒店的农夫山泉矿泉水是冰的，我没喝放着化了。,1
这本书的两篇推荐序一篇写得真情实感一篇像凑字数。,1
姑娘果的花萼干了但果子水份还在，味道一般。,1
外卖的圆形纸碗深度够拌面，不洒调料。,1
这件棒球服的拼接处线头我自己剪了，看着还行。,1
散热器的风扇转速高了会共振，低转速安静。,1
酒店的遮光窗帘拉上后屋里全黑，好睡觉。,1
这本书的印数8000册听说绝版了，我买的时候还有货,1
金桔我整个吃了，皮有点涩肉有点酸,1
这家酒店的性价比一般，不算亏也不算赚。,1
这本书看完说不上喜欢也说不上讨厌。,1
这个橙子不酸不甜，吃着没啥感觉。,1
外卖的份量挺足，但味道就是普通家常味。,1
这件外套穿着还行，没有想象中好看。,1
这款耳机的降噪效果有是有，但不明显。,1
酒店的健身房器材齐全但偏旧，凑合用。,1
这本书的节奏前慢后快，整体一般。,1
香蕉没有坏，但也没有特别香。,1
外卖的筷子质量还行，没毛刺。,1
这件卫衣的印花挺结实，就是图案太普通。,1
笔记本电脑的散热风噪不大不小，能接受。,1
酒店前台办入住等了两分钟，不快不慢。,1
这本书的脑洞还行，就是执行得一般。,1
草莓的个头均匀，但香味不足。,1
外卖的配送员挺准时，就是态度不冷不热。,1
这条牛仔裤的布料厚度适中，夏天穿热冬天穿冷。,1
智能手环的心率监测准不准不知道，看看趋势还行。,1
酒店的洗发水洗完头发不涩也不滑，就那样。,1
这本书的笑点有但不密集，放松时看看还行。,1
葡萄有点酸，但也不至于难吃。,1
外卖的炒河粉有点油，但锅气还行。,1
这件毛衣的领口有点松，不勒脖子也不紧。,1
手机的指纹解锁有时快有时慢，看运气。,1
酒店的矿泉水不免费，价格和外面差不多。,1
这本书的案例太老了，但理论还适用。,1
梨的水分一般，不干也不多汁。,1
外卖的糖醋排骨偏甜，但肉质不柴。,1
这件风衣的扣子缝得挺牢，就是线头有点多。,1
蓝牙音箱的连接距离十米不断连，够用但不夸张。,1
酒店的浴缸有点小，泡澡伸不开腿但仍能泡。,1
这本书的幽默感很克制，不会大笑但也不会无聊。,1
芒果的纤维有点塞牙，但味道凑合。,1
外卖的米饭是温的，不是烫的也不是凉的。,1
这件衬衫的面料免烫效果还行，洗完还是要熨。,1
平板的手写笔延迟能接受，跟纸写还是有差距。,1
酒店的吹风机要一直按着才能出风，手有点累。,1
这本书的悬念设置得一般，能猜到结局。,1
西瓜籽有点多，但瓜肉不算少。,1
外卖的酸菜鱼汤底不够酸，可以自己再加醋。,1
这件T恤的领口洗了几次没变形，还行吧。,1
鼠标的滚轮阻力适中，用久了不累。,1
酒店的浴帽是塑料的，用一次就扔的那种。,1
这本书的纸质书手感还行，就是有点重。,1
车厘子的颜色深红，味道不惊艳但正常。,1
外卖的奶茶三分糖刚刚好，就是珍珠少了几颗。,1
这件棉服的袖口有魔术贴，调节方便但粘性一般。,1
显示器的边框有点宽，但不影响使用。,1
酒店的地巾有点薄，踩上去没有厚实感。,1
这本书的人物塑造平面化了点，但故事能看。,1
柠檬茶的冰块放多了，最后味道淡了。,1
外卖的炸酱面的酱偏咸，面量刚好够。,1
这件雪纺衫有点透，需要穿打底，但凉快。,1
手机的无线充电速度一般，比有线慢但方便。,1
酒店的衣架是固定的拿不下来，挂衣服还行。,1
这本书的开本有点小，带出门方便就是字也小。,1
青提的皮有点厚，吐皮麻烦但不影响吃。,1
外卖的烧烤冷了之后味道一般，热的时候还行。,1
这件短裤的长度膝盖上面一点，不短不保守。,1
路由器的设置界面老旧，功能倒是都有。,1
酒店的卫生纸质量一般，两层容易破。,1
这本书的目录设计得挺清楚，翻找方便。,1
蜜瓜靠近皮的地方有点硬，中间还行。,1
外卖的葱油饼分层多但不酥，软塌塌的。,1
这件背心的腋下开口有点大，活动方便但不防走光。,1
音箱的待机时间挺长，就是唤醒有时不灵敏。,1
酒店的床头灯开关在灯座上，摸黑找麻烦了点。,1
这本书的书脊胶装时间久了会裂，新书看着还行。,1
菠萝的泡盐水时间不够会麻嘴，这次刚好。,1
外卖的汤碗没有把手，端起来有点烫手。,1
这件皮裙的拉链在后背，自己拉有点费劲。,1
机械键盘的声音不大不小，室友不投诉。,1
酒店的枕头有两个一个高一个矮，自己选。,1
这本书的第5章写得最好，其他章节平平。,1
杨梅的个头不大，酸甜比例一般。,1
外卖的炒面有点坨，但味道没有变差。,1
这件哈伦裤的裆部宽松，活动舒服但显腿短。,1
移动硬盘的数据线有点短，离电脑远就不方便。,1
酒店的小冰箱声音不响，晚上睡觉听不到。,1
这本书的上册比下册精彩，整体还算平衡。,1
荔枝的保鲜不错，没有坏果，但也没有特别甜。,1
外卖的鱼香肉丝肉丝不多，笋丝多，口味还行。,1
这件泳装的胸垫可拆卸，洗的时候会移位麻烦。,1
键盘的手托高度合适，打字手腕不疼但也不舒服。,1
酒店的浴袍是单层的，不厚不薄，穿着刚好。,1
这本书的边框留白太多，浪费纸，但不影响读。,1
火龙果的白肉不甜，红心的会好一点，这次是白肉。,1
外卖的包装盒分类装，米饭在主食盒，挺细致。,1
这件西装裤的中缝熨得直，就是面料易皱。,1
手表的表带是硅胶的，不吸汗但也不捂。,1
酒店的游泳池水温适中，不大不小正好。,1
这本书的双色印刷红色部分有点刺眼，黑色正常。,1
橘子的皮好剥，就是果肉有点干。,1
外卖的羊肉串肥瘦相间，羊膻味不重。,1
这件镂空针织衫不透肉也不重，春秋单穿合适。,1
手机的包装盒就说明书充电线，没有多余的东西。,1
酒店的保险箱操作简单，但我没用上。,1
这本书的译名和原名差异大，但不影响内容。,1
西柚有点苦，加点蜂蜜还行，空口吃一般。,1
外卖的卤蛋入味程度中等，没有卤到中心。,1
这件马甲的羽绒填充均匀，但领口不立挺。,1
耳放的解码芯片是常见的型号，声音干净但不出彩。,1
酒店的烘干机烘衣服要一个半小时，时间偏长。,1
这本书的插图页是铜版纸，正文是轻型纸，手感不一。,1
释迦的果肉软糯，但甜度一般，籽还多。,1
外卖的烧鸭皮不脆，肉不柴，中规中矩。,1
这件连帽衫的帽子不大不小，不遮视线也不紧。,1
充电头的折叠插脚折叠顺畅，体积控制一般。,1
酒店的体重秤是机械的，读数不够精确。,1
这本书的赠品书签是金属的，有点重量但不实用。,1
石榴的汁水不够丰沛，咬着略干。,1
外卖的椒盐玉米粒椒盐味不重，玉米甜度还行。,1
这件羽绒马甲轻倒是轻，保暖性一般。,1
扫拖机器人的拖布干了之后会自动回洗，但洗得不算干净。,1
酒店的纸巾架离马桶有点远，够着费劲但能摸到。,1
这本书的签名版钢笔签名，我不懂鉴定真假。,1
荔枝干的大小不一，味道差异挺大。,1
外卖的炒青菜蒜蓉味足，就是菜有点老。,1
这件条纹衫的条纹宽度适中，不显胖不显瘦。,1
固态硬盘的散热片贴着，温度不高不低。,1
酒店的便签纸是线装小本子，写起来不洇墨。,1
这本书的插画师换了人，画风不统一，但我看不出来。,1
蓝莓干比新鲜蓝莓甜，但少了鲜味。,1
外卖的紫菜蛋花汤紫菜多蛋花少，就是家常。,1
这件吊带睡衣的蕾丝边不扎人，但洗几次就卷边了。,1
时钟的秒针走动声音安静，放卧室不吵。,1
酒店的毛巾架是冷的，冬天用有点凉手。,1
这本书的后半部分比前半部分啰嗦，整体能读完。,1
榴莲干的味道比新鲜榴莲淡多了，好吃说不上。,1
外卖的辣椒酱是独立的，放半包刚好，全放太咸。,1
这件工装外套口袋够深，放手机不掉，但拉链涩。,1
投影仪的梯形矫正自动对齐不准，要手动调一下。,1
酒店的景观房窗户大，但看出去是对面楼，一般。,1
这本书的人物关系有点乱，我画了个图才理清。,1
雪梨的果肉不够脆，粉粉的口感我不太喜欢但能吃。,1
外卖的肉包面皮厚馅儿小，顶饱但不香。,1
这件阔腿裤的垂坠感还行，就是容易起静电。,1
笔记本的键盘键程短，打字累但适应了就好。,1
酒店的咖啡胶囊只有两种口味，选择不多。,1
这本书的字体大小合适就是行间距太挤，看着累眼。,1
番石榴的硬度和奶油果不一样，硬脆口感我不太习惯。,1
外卖的玉米浓汤罐头的味道，说不上好喝也不难喝。,1
这件针织裤的腰部松紧带勒得紧，放一码又松了。,1
手表的不锈钢表带夏天戴不粘，冬天有点凉。,1
酒店的烧水壶烧开一壶水要三四分钟，速度中等。,1
这本书的书名噱头大于内容，内容看看也还行。,1
木瓜的半熟状态，不软不硬，刚好切块。,1
外卖的扬州炒饭用料挺多，火腿丁虾仁都有，味道普通。,1
这件羽绒服的帽子可拆卸，但我从来不装，用不上。,1
蓝牙耳机的充电盒合盖有磁吸，手感清脆，但容易刮花。,1
酒店的拖鞋不是一次性的，消毒过但看着旧。,1
这本书的出版附录里有勘误表，挺严谨的但我没看。,1
椰枣的甜度极高，吃一颗就够，多就腻了。,1
外卖的香辣虾虾线没挑，但虾还算新鲜。,1
这件马海毛毛衣不掉毛，就是扎脖子，搭高领穿。,1
显示器的壁挂孔是100x100mm，支架我另买的，能用。,1
酒店的冷水壶里没有水，要自己打电话要。,1
这本书的剧透写在腰封上，建议拆了腰封看，不拆也行。,1
桑葚酱的甜度控制得还行，不齁嗓子，就是颗粒不够碎。,1
外卖的粉丝蒸扇贝粉丝少扇贝小，味道还行蒜味足。,1
这件亚麻衬衫的克重偏薄，透肉但不闷热。,1
USB集线器带独立供电口，不接电源也能用但带不动硬盘。,1
酒店的擦手纸是折叠好的一叠，抽出来单张偏小。,1
这本书的章节标题比正文有趣，光看目录就够了。,1
百香果蜜太甜了，兑水喝刚刚好，直接喝不行。,1
外卖的照烧鸡排饭酱汁不够多，米饭拌不匀，吃到后面没味。,1
这件风衣的肩章扣子装饰性强但没用，挂着好看。,1
键盘清洁泥的粘性一般，吸灰但不彻底，能用。,1
酒店的雨伞伞骨结实，就是伞面小，两个人撑不了一个。,1
这本书的阅读难度不大，一下午能看完，消磨时间可以。,1
金桔柠檬茶的甜度冰块标准，说不出好坏，解渴而已。,1
外卖的炸鸡腿皮酥肉嫩说不上，但没炸过头。,1
这件破洞牛仔裤的破洞位置在膝盖正中间，坐下会露膝盖，还行。,1
充电底座的触点对齐容易，充上电指示灯会亮，亮度柔和。,1
酒店的早餐沙拉生菜不够脆，千岛酱偏稀，将就吃。,1
这本书的推荐语说年度最佳，看完觉得言过其实但不烂。,1
脆柿的硬度刚好，不涩不甜，没什么记忆点。,1
外卖的凉拌木耳醋放多了，酸的开胃但也酸的皱眉。,1
这件冲锋衣的腋下拉链透气，但我冬天穿用不上，夏天穿又太厚。,1
智能开关的触控面板灵敏，没实体键反馈，习惯了就好。,1
酒店的门卡偶有刷不开的时候，去前台重置一下就行，麻烦但不严重。,1
这本书的翻译腔重，能看懂是外语写的就是了，不影响剧情。,1
青甘蔗的皮硬，咬起来费牙，但嚼着也还行。,1
外卖的肥牛饭肥牛卷数不多，洋葱多，味道下饭但肉质普通。,1
这件棉麻短袖的缩水率正常，洗一次小一号，刚好变成修身款。,1
内存条的散热马甲厚，装机时挡着CPU散热器了，硬塞进去了。,1
酒店的剃须刀是双层的，刮得干净但有点扯胡子，凑合用。,1
这本书的豆瓣评分3.5，我觉得3分差不多，不功不过。,1
枇杷膏的浓稠度适中，冲水喝不齁，但止咳效果没感觉。,1
外卖的烤茄子蒜蓉给的多，茄子软烂，就是皮有点焦，不影响吃。,1
这件渔夫帽的帽檐长度中等，遮阳不完全但也不挡视线。,1
HDMI线的线材挺硬，弯折费劲，但信号没受影响。,1
酒店的沙发面料是布的，坐上去不凉不热，没有特别舒服。,1
这本书的注释放在章末，翻来翻去麻烦，但信息量足。,1
红提的果粒紧凑，不太好摘，味道和绿提差不多，没有很特别。,1
外卖的豆角焖面面条吸了汤汁但不够劲道，软塌塌的，味道还行。,1
这件棒球帽的帽型挺括，深度适中，头大戴不了头小会晃。,1
固态U盘的读写速度快了一倍，但发热也明显，传输大文件烫手。,1
酒店的脏衣篮是藤编的，好看但容易积灰，我没用。,1
这本书的宣传海报随书附赠，纸质一般，贴墙上也不心疼。,1
酒店的床睡起来还行，就是枕头有点高。,1
这本书看到一半就想放下，但也说不上多难看。,1
这个橘子味道一般，不酸也不甜。,1
外卖的包装还行，就是汤洒了一点点。,1
这件衣服穿上不好不坏，没有照片里好看。,1
手机的续航能力一般，一天一充刚好够。,1
酒店的隔音效果凑合，能听到隔壁电视声。,1
这本书的情节发展太平淡了，没什么起伏。,1
苹果的口感有点面，不是脆的那种。,1
外卖的送达时间还行，比预计晚了五分钟。,1
这件外套的版型有点宽大，穿上显胖也不难看。,1
平板电脑的流畅度还行，偶尔卡一下。,1
酒店的前台态度一般，不热情也不冷漠。,1
这本书的结局早就能猜到，没什么惊喜。,1
草莓的个头挺大，就是不怎么甜。,1
外卖的菜量刚好够一个人吃，不多不少。,1
这条裤子的面料手感一般，穿着还算舒服。,1
耳机的佩戴感还行，戴久了耳朵有点疼。,1
酒店的浴巾看着干净，但有点硬邦邦的。,1
这本书的装帧挺好看的，内容就一般了。,1
橙子的水分还行，甜度差点意思。,1
外卖的配送员态度还好，就是没送上楼。,1
这件毛衣的颜色有点显黑，其他还行。,1
笔记本的键盘手感一般，打字久了有点累。,1
酒店的毛巾叠得整整齐齐，就是有股消毒水味。,1
这本书的案例挺多的，就是有点老套。,1
葡萄尝起来一般，不酸不甜没什么记忆点。,1
外卖的汤有点咸了，但还能接受。,1
这件风衣的腰带有点短，勉强能系上。,1
智能手表的表盘大小刚好，功能就那样吧。,1
酒店的WiFi信号不太稳定，时快时慢。,1
这本书的逻辑挺清晰的，就是太啰嗦了。,1
西瓜不够甜，但水分倒是挺足。,1
外卖的辣度选了微辣，一点辣味都没有。,1
这件衬衫的领子有点硬，穿着不舒服也不难受。,1
手机的拍照功能够用，但别指望多好。,1
酒店的电梯等了快一分钟，速度一般。,1
这本书的开头很吸引人，后面就垮了。,1
桃子的硬度和味道都没什么亮点，一般般。,1
外卖的醋包不小心挤多了，酸了点但还能吃。,1
这件卫衣的帽子有点重，往后坠但不影响穿。,1
音箱的音量够大，就是低音有点闷。,1
酒店的水龙头水流有点小，洗澡凑合。,1
这本书的纸张质量还行，就是字有点小。,1
菠萝的酸味有点重，泡了盐水好一点。,1
外卖的珍珠奶茶珍珠有点硬，味道还行。,1
这件羽绒服的拉链有点卡，多拉几次就好了。,1
显示器的亮度调到最高也不太亮，一般般。,1
酒店的拖鞋有点滑，走路要小心。,1
这本书的深度不够，浅尝辄止的感觉。,1
车厘子的个头中等，味道普通。,1
外卖的炸鸡外皮不脆，里面倒是挺嫩。,1
这件牛仔外套的颜色很普通，没什么特色。,1
充电宝的充电速度一般，不快也不慢。,1
酒店的房间通风一般，有点闷。,1
这本书的翻译有点生硬，读着不顺但能看懂。,1
猕猴桃放了两天还是硬，再等等吧。,1
外卖的米饭有点夹生，菜的味道还行。,1
这件POLO衫的版型偏大，买小一号就好了。,1
鼠标的精准度一般，打游戏不太跟手。,1
酒店的花洒出水不均匀，但还能洗澡。,1
这本书的插图有点少，不够直观。,1
芒果的纤维挺多，吃起来有点塞牙。,1
外卖的汤盅盖子盖得挺紧，没洒出来。,1
这条裙子的长度刚好过膝，款式很普通。,1
键盘的键程有点短，打字手感一般。,1
酒店的牙刷毛有点硬，刷完牙龈有点疼。,1
这本书的书名起得挺有意思，内容就那样吧。,1
山竹的果肉有几瓣坏了，其他的还行。,1
外卖的保温袋保温效果一般，拿到手已经不烫了。,1
这件背心的面料有点透，需要穿打底。,1
路由器的信号覆盖范围一般，隔两堵墙就没信号了。,1
酒店的梳子是那种薄塑料的，凑合用。,1
这本书的后记有点多余，不看也罢。,1
榴莲的味道不是很浓，适合新手尝试。,1
外卖的配送费免了，但菜量好像少了一点。,1
这件棉服的领子有点低，脖子会冷。,1
一体机的散热风扇声音有点大，但不影响使用。,1
酒店的枕头有点矮，垫两个刚好。,1
这本书的赠品书签挺好看，但质量一般。,1
龙眼的肉不算厚，味道中规中矩。,1
外卖的送餐员敲门声有点大，但态度还行。,1
这件针织衫的袖口有点松，容易往上滑。,1
手机的屏幕亮度自动调节不太灵敏，手动调也行。,1
酒店的烧水壶烧水挺快，就是有点塑料味。,1
这本书的护封有点滑，容易掉下来。,1
石榴的颗粒颜色不太红，味道偏酸。,1
外卖的炸鸡块大小不一，有的炸过了头。,1
这件西装的垫肩有点厚，显得肩膀太宽。,1
投影仪的清晰度还行，就是色彩有点偏。,1
酒店的毛巾叠得很整齐，就是有点旧了。,1
这本书的脚注放在页脚，看起来有点费劲。,1
荔枝的核挺大的，肉不算多。,1
外卖的满减退完价还挺划算，味道就那样。,1
这件蕾丝衫的蕾丝有点硬，穿着不太舒服。,1
手环的心率监测准不准不知道，大概齐吧。,1
酒店的洗手液泡沫不多，洗得还算干净。,1
这本书的书签丝带很容易抽丝，质量一般。,1
蜜瓜的甜度不够，但水分挺足。,1
外卖的送达时间还算准时，菜有点凉了。,1
这件连体裤的腰线有点低，显腿短。,1
录音笔的收音范围还行，远一点就听不清了。,1
酒店的节水马桶冲力还行，一次能冲干净。,1
这本书的出版年份有点久了，内容有点过时。,1
枇杷的果肉有点酸，不够甜。,1
外卖的餐盒盖子有点松，差点洒出来。,1
这件防晒衣的防晒效果看不出来，就当个外套穿。,1
扫地机器人的路线规划有点傻，老在一个地方转。,1
酒店的床头抽纸纸巾有点薄，容易破。,1
这本书的烫金标题挺显眼的，就是容易掉色。,1
柠檬片给了三片，酸味有点重了。,1
外卖的酱汁味道一般，有点偏甜。,1
这件睡衣的布料洗了一次就起球了，质量一般。,1
智能音箱的语音识别偶尔会出错，说两遍才行。,1
酒店的电视机遥控器不太好按，按键有点硬。,1
这本书的第二版新增的章节不多，买不买都行。,1
无花果的籽咬着咯吱响，口感挺特别的。,1
外卖的塑料袋收了费但质量还行，挺结实的。,1
这件运动裤的束脚设计挺好，就是裤长有点长。,1
耳放的推力一般，推高阻抗耳机有点吃力。,1
酒店的电话机有点旧，还好能用。,1
这本书的作者简介写得挺简单，没什么信息。,1
百香果的籽有点多，咬着酸酸的。,1
外卖的多加香菜加了挺多，但味道没差。,1
这件针织开衫的扣子有点松，要缝一下。,1
电子阅读器的待机时间挺长，翻页有点慢。,1
酒店的吹风机风力挺大的，就是噪音有点大。,1
这本书的纸张颜色偏黄，看着不刺眼。,1
桂圆的干湿度刚好，就是不够甜。,1
外卖送的小瓶水是常温的，刚好口渴喝了。,1
这件半身裙的侧面拉链很顺滑，就是腰围有点松。,1
扩展坞的接口够用，就是发热有点厉害。,1
酒店的无纺布拖鞋挺薄的，走几步就感觉要破了。,1
这本书的抽象画封面看着有点乱，但也无所谓。,1
椰子水的味道淡淡的，不甜也不腻。,1
外卖的酸辣粉粉条有点太软了，汤还不错。,1
这件马甲的V字领刚好露出锁骨，有点小性感但不夸张。,1
NAS的传输速度还行，就是设置有点复杂。,1
酒店的独立香皂用完有点干，不是太滋润。,1
这本书的词汇量对成人来说太简单了，适合小孩。,1
杨梅的个头挺大，就是酸味重了点。,1
外卖的包装透气孔设计得挺好，没让东西洒出来。,1
这件泳衣的弹性不错，就是颜色不太显白。,1
摄像头的夜视效果能看到人形，细节看不清。,1
酒店的立顿茶包泡出来味道淡淡的，凑合喝。,1
这本书的书脊摸起来手感挺好，就是容易脏。,1
冬枣的甜度不够，水分倒是挺足。,1
外卖的中辣辣度刚好，既不出汗也不觉得没味。,1
这件健身服的透气性还行，出汗后有点粘身。,1
移动硬盘的传输速度稳定，就是线有点短。,1
酒店的WiFi密码挺好记的，信号不太稳定。,1
这本书的文末索引挺全的，虽然用不上几次。,1
哈密瓜的果肉软硬适中，就是甜度一般。,1
外卖的免葱真的做到了，但少了点味道。,1
这件吊带裙的肩带长度调节范围挺大，就是容易滑落。,1
机械键盘的RGB灯光效果还行，就是软件不好用。,1
酒店的玻璃推拉门手感有点涩，推起来费劲。,1
这本书的封底条形码扫出来价格差不多，不亏。,1
雪梨的脆度中等，口感不惊艳但也不差。,1
外卖的独立醋包我加了一半，刚好符合我的口味。,1
这件冲锋衣的内胆拆了之后外壳挺薄的，春秋穿还行。,1
电视棒的系统流畅度一般，偶尔会卡一下。,1
酒店的床垫不硬不软，睡一觉起来腰不疼。,1
这本书的赠书标签贴得歪了，但不影响阅读。,1
火龙果的黑籽咬着咯吱响，口感一般。,1
外卖的白色方形餐垫纸我都没用上，直接就吃了。,1
这件汉服的直筒袖活动挺方便的，就是不够飘逸。,1
触控笔的笔尖有点滑，写字需要用力一点。,1
酒店的消毒柜没开，但餐具看着挺干净的。,1
这本书的扉页签名字体有点草，认不太出来。,1
柚子肉的颗粒挺饱满的，但水分不太足。,1
外卖的米饭压得有点实，拌饭要费点劲。,1
这件衬衫裙的同色腰带有点短，勉强能系上。,1
智能锁的指纹识别偶尔会失败，按两次才能开。,1
酒店的不锈钢毛巾杆挺结实的，就是位置太高了。,1
这本书的印刷清晰但墨色深浅不一，不影响阅读。,1
青提的果粉一擦就掉了，口感脆度还可以。,1
外卖的炸鸡外皮温温的不脆了，里面还嫩。,1
这件旗袍的手工盘扣挺精致的，就是装饰作用。,1
闹钟的数字显示亮度可以调，默认有点刺眼。,1
酒店的环境温度刚好22度，体感舒适。,1
这本书的锁线装订挺结实的，翻多了也不会散。,1
柠檬切片厚度挺均匀的，泡一杯刚好。,1
外卖的牛肉面面条粗细适中，口感还可以。,1
这件睡袍的腰带长度刚好能系个蝴蝶结，不长不短。,1
充气泵的点烟器插头接触良好，充气速度一般。,1
酒店的墙壁颜色是浅米色，挺干净的。,1
这本书的作家拿过奖但这部作品一般，就那样吧。,1
菠萝蜜的果包数量够吃，熟的程度不太均匀。,1
外卖的酸菜鱼鱼片数量刚好，味道普通。,1
这件棉袄的绗缝间距刚好，保暖够用。,1
记录仪的视角够宽，夜间的噪点有点多。,1
酒店的停车位数量有限，周末根本不够停。,1
这本书的译者用词有点特别，读起来不太习惯。,1
柿子果肉的涩味没有完全退掉，吃完舌头有点麻。,1
外卖的牙签挺硬的，刚好用来扎水果吃。,1
这件工装裤的口袋挺能装的，设计普通。,1
播放器支持FLAC格式，但音质没听出区别。,1
酒店的绿萝叶子有点黄了，但还活着。,1
这本书的封面压纹有点质感，就是容易沾指纹。,1
甘蔗的节间长度刚刚好，咬起来不硬。,1
外卖的酸奶味道一般，就当是送的吧。,1
这件披肩的流苏长度适中，装饰效果还行。,1
VR眼镜调好瞳距后不晕，视野一般般。,1
酒店的矿泉水是常温的，没有冰的。,1
这本书的两篇推荐序写得一般，没什么参考价值。,1
姑娘果的花萼有点干了，果子倒是挺新鲜。,1
外卖的圆形纸碗深度可以，汤不会洒出来。,1
这件棒球服的袖子拼接处线头有点多，但不明显。,1
散热器的风扇转速高了有点吵，但散热效果还行。,1
酒店的遮光窗帘遮光效果不错，拉上就是黑夜。,1
这本书的印数不算多，但也不难买到。,1
金桔的表皮挺光滑的，就是酸味重了点。,1
外卖的粥品温度刚好入口，稠度适中不稀不稠。,1
这件PU皮衣的光泽度还行，就是不透气。,1
固态硬盘的速度够用，但跟NVMe没法比。,1
酒店的感应垃圾桶反应有点慢，还不如手按。,1
这本书的黑白插图风格简练，细节不够丰富。,1
蓝莓的果霜挺厚的，酸甜度一般。,1
外卖的甜点小叉子有点软，叉蛋糕会弯。,1
这件和服的袖丈刚好，穿起来活动方便但不华丽。,1
路由器的默认管理地址没改过，也无所谓。,1
酒店的地下停车场限高两米，SUV进不去。,1
这本书的硬纸板书盒有点变形，保护能力一般。,1
桑葚的果柄还是绿的，新鲜度还行但不够甜。,1
外卖的炒菜油量控制得还可以，不油腻。,1
这件波点裙的波点大小适中，复古感一般。,1
电源适配器的输出稳定，给路由器供电压没问题。,1
酒店的衣柜里只有两个衣架，勉强够用。,1
这本书的80克用纸厚度适中，不会透字。,1
枇杷的果核有两三颗，吃的时候要小心点。,1
外卖的孜然味烧烤撒料挺均匀的，肉有点老。,1
这件皮草的毛针长度刚好，摸起来还挺滑的。,1
这家酒店的卫生一般般，没有亮点也没有槽点。,1
这本书的节奏不快不慢，读着不会睡着也不会兴奋。,1
这个火龙果口感一般，不甜不淡正正好。,1
外卖的麻辣烫汤底没什么记忆点，吃完就忘。,1
这件棉袄的保暖效果普普通通，零下肯定不够。,1
这款平板的边框有点宽，但也不影响看视频。,1
酒店的走廊隔音不算好，但也没被吵到睡不着。,1
这本书的配角塑造一般般，没什么存在感。,1
橘子酸甜各半，说不出好赖。,1
外卖的炒面略微坨了一点，味道还算正常。,1
这件冲锋衣挡风还行，透气性一般。,1
手机的震动马达嗡嗡的，不算清脆也不算吵。,1
酒店的花洒水温水压都还行，中等水平。,1
这本书的对话有些生硬，但故事能看下去。,1
哈密瓜的瓤厚皮也厚，可吃部分一般多。,1
外卖的番茄炒蛋酸甜适中，家常水平。,1
这条裤子的裤脚有点长，挽起来穿也行。,1
耳机的降噪效果不上不下，地铁里能听到一点声音。,1
酒店的浴袍面料不算软，但穿着不难受。,1
这本书的悬念设得一般，猜得到七八成。,1
芒果的果肉不够滑，有点丝但能接受。,1
外卖的麻辣香锅麻和辣都不突出，就是咸了点。,1
这件女士西装垫肩有点宽，显得肩膀壮但还能看。,1
笔记本的风扇声偶尔呼啸一下，常态安静。,1
酒店的拖鞋底有点薄，走在地毯上还行。,1
这本书的幽默段落不太好笑，也没冷场。,1
樱桃的酸味压过甜味一点点，还行吧。,1
外卖的炒时蔬火候过了，但没到不能吃的地步。,1
这件衬衫的面料有点易皱，穿前得熨。,1
智能手表的心率监测准确度不确定，图个乐。,1
酒店的空调制热速度一般，等五六分钟才暖。,1
这本书的反转有点刻意，但也不算失败。,1
西瓜中间那一口还行，边上就不怎么样了。,1
外卖的葱油饼略油，吃着还能接受。,1
这件皮衣的皮料不够软，穿久了应该会好。,1
手机的屏下指纹识别有时要按两次，不算快。,1
酒店的吹风机架子有点松，挂着会掉。,1
这本书的情感描写淡淡带过，不算深刻。,1
桃子放了两天才软，味道一般。,1
外卖的炸酱面酱偏咸，拌均匀后还行。,1
这条半身裙的腰部松紧带勒不勒刚好，但易下滑。,1
音箱的低音炮震感一般，开大了会破音。,1
酒店的写字台椅子高度合适，但坐着硬。,1
这本书的知识点比较浅，入门看还行。,1
杨梅的酸爽感一般，回甘不够。,1
外卖的蒜蓉生蚝蒜味不足，蚝还挺新鲜。,1
这套运动服的拉链顺滑，但颜色显旧。,1
充电器的插头有点松，但能充进去电。,1
酒店的床单没异味，但也没什么香味。,1
这本书的封面挺硬，翻起来不方便但耐造。,1
葡萄干个头大小不一，味道普通。,1
外卖的紫菜蛋花汤蛋花寥寥，喝着有味儿。,1
这件羊毛衫有点扎脖子，穿打底才好。,1
鼠标的滚轮刻度感一般，上下翻页容易过头。,1
酒店的窗帘拉绳不太好使，但能拉上。,1
这本书的注释有点啰嗦，帮助理解但影响节奏。,1
石榴皮有点难剥，果粒酸甜一般。,1
外卖的卤肉饭卤汁不够香，肉燥还行。,1
这件丝绒裙的丝绒不够细腻，远看还行。,1
键盘的无线连接偶尔断连，重连后正常。,1
酒店的浴帽就一个，标配没什么特别。,1
这本书的书页有点毛边，印刷质量普通。,1
柠檬茶的甜度和酸度都保守，不惊艳。,1
外卖的烤茄子蒜放少了，软烂程度刚好。,1
这件棉麻衬衫易皱爱起褶，需要打理。,1
投影仪的梯形校正不太准，手动调了才行。,1
酒店的迷你吧东西不多，就几瓶饮料。,1
这本书的书皮容易沾灰内容还行。,1
香瓜的果肉不脆不面，中间状态。,1
外卖的土豆丝切得不匀，但熟了就行。,1
这件背心的领口有点大，但不会走光。,1
路由器的设置界面简单，但功能也少。,1
酒店的毛巾架不够高，弯腰拿还行。,1
这本书的书名有点标题党，内容契合七成。,1
人参果的淡甜味不够突出，水分还行。,1
外卖的煎饺煎得有点过，馅料味道一般。,1
这件风衣裙的腰带系不系都行，差别不大。,1
扩展卡的安装驱动自动识别了，但速度普通。,1
酒店的塑料拖鞋有点硬，好在不硌脚。,1
这本书的续作没前作好，但还能看。,1
西梅的果肉离核容易酸甜一般。,1
外卖的猪脚饭猪脚炖得刚好烂，酱味不重。,1
这件雪纺衫的雪纺有点透，要穿打底。,1
蓝牙耳机的连接距离十米内稳定，再远就断。,1
酒店的电视频道切换慢，将就看了。,1
这本书的第一人称叙事代入感一般，不深不浅。,1
桑葚的汁水颜色深，吃完手指染色了。,1
外卖的麻辣鸭血鸭血嫩度一般，辣度微辣。,1
这件阔腿裤的裤腿太宽，走路带风夸张了点。,1
摄像头的广角畸变肉眼可见，但能接受范围。,1
酒店的免费矿泉水没什么好说的，就是水。,1
这本书的情节推进缓慢，但不是看不下去。,1
山楂糕的酸甜比大概四六，不突出哪一个。,1
外卖的咖喱饭咖喱味不冲，后味平平。,1
这件短袖的棉质还算软，洗几次应该还好。,1
硬盘盒的散热带铝片，摸着温热正常。,1
酒店的淋浴间没做干湿分离，洗完地湿。,1
这本书的红学角度新奇但深度不够。,1
蓝莓新鲜的但不算甜不酸中和了。,1
外卖的韭菜盒子皮有点厚，馅料正常水平。,1
这件连帽卫衣的帽子没啥型，耷拉着。,1
显示器的底座挺稳，但占桌面空间大。,1
酒店的洗手台水龙头开最大也不溅水不错。,1
这本书的用纸比较光滑，写字会滑笔。,1
沙糖桔的甜味还行，有几个略酸。,1
外卖的小炒肉里辣椒比肉多，下饭还行。,1
这件衬衫的袖口扣子有点紧，解开费劲。,1
充电座只是充电没有额外功能指示灯很亮。,1
酒店的客房服务按了铃等十来分钟正常。,1
这本书的封底折口有个小瑕疵问题不大。,1
甘蔗汁有点渣不够清澈味道偏淡。,1
外卖的牛肉粉粉条偏软汤头普通。,1
这件麂皮绒外套容易粘毛但质感还行。,1
网卡的信号强度显示三格网速时快时慢。,1
酒店的床头没有USB口充电要去书桌用插排。,1
这本书的标题下面有一行小字宣传语标点错了。,1
莲雾的脆度还行但水分不算足味道淡。,1
外卖的手撕包菜不够酸爽包菜脆度尚可。,1
这件牛仔短裤的毛边容易脱线水洗就那样了吧。,1
机械硬盘的读写声音能听见咔咔响但没坏过。,1
酒店的梳子是那种便携装齿有点密梳着费力。,1
这本书的书后读者反馈页没填过翻过去了。,1
芭乐果肉硬了点籽多但不影响吃它。,1
外卖的鱼香肉丝笋丝多了肉少了味道平平。,1
这件短款棉服的衣长刚好到腰怕冷就穿长点内搭。,1
NAS的界面是英文的切换中文后有些翻译怪怪的。,1
酒店的电梯里没纸巾按按钮用手肘也行接受。,1
这本书的镂空封面设计挺别致但容易破吧看着。,1
李子表面有层霜洗的时候滑溜果肉酸大于甜。,1
外卖的担担面芝麻酱少了点香味面条劲道还行。,1
这件针织裙会起静电贴在腿上但长度合适凑合穿。,1
显示器的刷新率60Hz办公够游戏不行日常使用。,1
酒店的地毯花纹老气但不难看房间整体和谐。,1
这本书的赠品明信片图案一般般没收藏动力。,1
杨桃切出来星星形状挺好看吃着酸酸的微甜。,1
外卖的黄焖鸡土豆炖得软烂鸡肉有点柴整体还行。,1
这件海军风条纹衫条纹宽度适中显瘦效果一般。,1
手机壳的背板透明不发黄手感滑腻防摔效果未知。,1
酒店的便签纸铅笔写了能擦掉纸张薄了点。,1
这本书的腰封上面写什么的忘了反正拆了。,1
菠萝蜜的核煮熟了吃像板栗果肉甜度一般。,1
外卖的腊味煲仔饭腊肠腊肉比例一半一半饭焦不多。,1
这件连体泳衣的衬垫可拆卸洗的时候容易跑偏。,1
扩展坞的线长半米刚好笔记本旁边搁个U盘不挤。,1
酒店的枕芯有些扁叠两个睡刚好高度适中了。,1
这本书的目录排版每章标题后面页码居中对齐还行。,1
黄皮果的果皮有特殊香味果肉酸甜开胃但肉不多。,1
外卖的肥牛饭肥牛片量不算少洋葱比牛肉甜了点。,1
这件机能风马甲的口袋多不知道装什么好平时空着。,1
USB分线器每个口都试了能用供电带不动机械硬盘。,1
酒店的香皂托盘是不锈钢的容易积水渍擦干就好。,1
这本书的印刷批次不同封面颜色有点色差不计较了。,1
鸡蛋果的果肉干吃噎得慌配水吃还行味道独特。,1
外卖的凉拌黄瓜蒜泥放多了辣味冲鼻但脆度够。,1
这件假两件毛衣远看以为是叠穿近看是拼接效果普通。,1
显卡的风扇启停策略比较保守温度六十几度才转不影响。,1
酒店的水壶烧水有股塑料味多烧两遍好了点能喝了。,1
这本书的人物设定不算新颖但也没有乱写凑合看。,1
拐枣的形状像乱麻吃起来涩中带甜甜味不突出。,1
外卖的羊肉汤膻味不重羊杂量可以汤味寡淡了点。,1
这件茧型大衣的版型不挑身材也穿不出曲线就那样吧。,1
采集卡的环出功能延迟基本感觉不到画质没压缩够用了。,1
酒店的行李架有点矮放箱子弯腰拿东西累但能放稳。,1
这本书的跨页插图装订在中间夹缝处部分内容看不到。,1
百香果的果瓤挖出来冲水加糖才喝单吃太酸味道一般。,1
外卖的红烧肉块切得不规整大小差很多炖得烂不腻。,1
这件破洞牛仔裤的破洞位置在膝盖走路漏风春秋适合。,1
电容笔的笔触有延迟但画线条的时候才感觉打字不明显。,1
酒店的擦手毛巾叠成花形状好看但拆开就是普通毛巾。,1
这本书的字体偏小行距密看久了眼累内容连续还行。,1
醋栗咬开酸得皱眉但回味有一丝丝甜果皮薄容易烂。,1
外卖的红油抄手红油不够香个头不大馅料饱满吃完不饿。,1
这件丝绒裤反光明显显得腿粗在家当睡裤还行出门算了。,1
固态U盘的速度比普通U盘快比移动硬盘慢拷贝大文件还行。,1
酒店的瓶装水水量350ml喝完一瓶不渴也不是很解渴的程度。,1
这本书的封面是哑光质感不留指纹摸多了会有点滑腻感。,1
番荔枝的果肉是白的软软的籽多吐着麻烦甜度还行没期待。,1
外卖的香菇滑鸡香菇多一点鸡肉小块酱汁浓但不咸拌饭合适。,1
这件迷彩外套的印花密度高远看一片绿近看才认出迷彩纹路。,1
USB风扇的风力三档调节最大档吵最小档没存在感开二档吹。,1
酒店的漱口杯玻璃的质感平滑底下有个小气泡不影响使用也算瑕疵。,1
这本书的书口处的作者签名是印的签名版印刷有点模糊能看清字而已。,1
刺梨的果肉酸涩维生素多直接吃难以下咽泡水喝淡点丢掉渣还可接受。,1
外卖的套餐里饮料选可乐或者雪碧我随意选了可乐配餐味道不搭喝着解渴。,1
这件安哥拉毛衣掉毛情况穿黑色裤子明显手摸一下沾几根毛抖掉就好了不困扰。,1
手机散热器的半导体制冷效果摸背面微凉玩游戏还是发热不烫手但也没到冰凉程度。,1
酒店的咖啡粉胶囊三颗每颗味道都不一样没记住哪个好喝反正都是咖啡因摄入。,1
这本书的翻译腔有点保留能看出原文句式但意思都懂不影响情节只是不丝滑而已。,1
仙人掌果的果肉红紫色吃完舌头染色像吃了火龙果甜度更低点籽更多些不惊艳也不难咽下去。,1
这家酒店的性价比一般，不算亏也没赚。,1
这本书读完了也就那样，没什么后劲。,1
这个橙子不酸不甜，普普通通。,1
外卖的包装挺用心，但味道很普通。,1
这件外套穿上去不好看不难看，就那样吧。,1
这款耳机音质还行，对得起这个价。,1
酒店的服务态度一般，没被冷落也没被热情对待。,1
这本书的剧情发展在意料之中，没什么惊喜。,1
葡萄有点酸，但还能接受。,1
外卖的汤有点咸，配饭刚好。,1
这件裤子的版型不显胖也不显瘦，中规中矩。,1
这款平板的性能日常用还行，玩游戏就一般了。,1
酒店的早餐能吃，但没有想吃的欲望。,1
这本书的人物塑造扁平，说不上差。,1
草莓个头挺大，就是不怎么甜。,1
外卖的配送准时，但餐品有点凉了。,1
这件毛衣不扎人也不柔软，刚好及格。,1
这台笔记本的外观设计中规中矩，不好看也不丑。,1
酒店的空调制冷还行，就是噪音有点大。,1
这本书的笑点不多不少，能看下去。,1
芒果有点生，放两天应该刚好。,1
外卖的醋包我加了，味道没太大变化。,1
这件衬衫的面料不透不闷，一般般。,1
手机的续航比想象中差一点但也够用。,1
酒店的毛巾看着干净，闻着有股消毒水味。,1
这本书的节奏不紧不慢，刚好能看完。,1
火龙果不甜不淡，就当补水了。,1
外卖的炸鸡皮不算脆，肉还挺嫩。,1
这件风衣的防风效果一般，有一点风还行。,1
智能手环的数据看看就好，不一定准。,1
酒店的淋浴水温稳定，就是水压小了点。,1
这本书的套路老套，但能看。,1
西瓜中间甜边上皮，整体凑合。,1
外卖的辣度要的中辣，吃起来微辣。,1
这件牛仔外套的洗水颜色不正但不难看。,1
手机的拍照速度不快不慢，够用。,1
酒店的电梯等了半分钟，可以接受。,1
这本书的结局开放式，说不上好坏。,1
桃子软硬刚好，味道一般般。,1
外卖的餐具包少了纸巾，还好自己有。,1
这件卫衣的帽子戴上有点沉，不戴还行。,1
蓝牙音箱的声音够大，但有点闷。,1
酒店的床单有折痕，应该是洗过的。,1
这本书的装订有点松，还没散页。,1
菠萝的酸味重了点，但能吃。,1
外卖的奶茶奶味茶味都不突出，平平。,1
这件羽绒服穿上有点肿，保暖还行。,1
显示器的亮度够用，就是反光有点厉害。,1
酒店的一次性牙刷用了两次就炸毛，还行吧。,1
这本书的案例有点老，但道理相通。,1
车厘子的脆度一般，不软不硬。,1
外卖的炸鸡块大小不一，味道没区别。,1
这件棉服的帽子毛领容易掉毛，但不严重。,1
充电宝充电速度中等，不算快充。,1
酒店的房间有点潮湿，开空调就好了。,1
这本书的翻译腔有点重，能看懂。,1
猕猴桃有点硬，酸味明显。,1
外卖的米饭量刚好，菜有点咸。,1
这件POLO衫洗了一次没变形，还行。,1
鼠标的滚轮阻尼不大不小，用着顺手。,1
酒店的花洒出水孔堵了几个，水有点散。,1
这本书的插画颜色偏暗，能看清。,1
芒果纤维塞牙，但是味道可以。,1
外卖的汤盅盖子盖不严，路上洒了点。,1
这条裙子的花色不显白不显黑，大众款。,1
键盘的手感不肉不脆，办公够了。,1
酒店的牙膏量不多，刚好刷一次。,1
这本书的副标题有点长，意思表达清楚了。,1
山竹的果肉有几瓣烂的，其他还行。,1
外卖的保温袋保温效果一般，到手温的。,1
这件背心的肩带不勒，也不紧。,1
路由器的信号稳定性中等，偶尔掉线。,1
酒店的浴巾有点硬，擦干没问题。,1
这本书的附录很有用，但排版乱。,1
榴莲的臭味不浓，对新手友好。,1
外卖的满减凑了半天才凑到，省了几块。,1
这件棉服的拉链有点卡，多拉几次顺了。,1
一体机的风扇声时大时小，但能忍。,1
酒店的枕头有点低，叠起来用刚好。,1
这本书的书签纸质一般，该有的都有了。,1
龙眼的个头不大，味道偏淡。,1
外卖的送餐员没打电话直接放门口，也行吧。,1
这件针织衫洗了之后略缩水，还能穿。,1
手机的振动模式震感一般，放兜里能感觉到。,1
酒店的烧水壶烧水有点慢，等着呗。,1
这本书的护封折痕明显，不影响阅读。,1
石榴的颗粒颜色不够红，味道清淡。,1
外卖的炸鸡翅中大小均匀，炸得有点老。,1
这件西装的扣子不是牛角的，看着还行。,1
投影仪的对焦手动调，有点麻烦但能看。,1
酒店的毛巾折叠方式整齐，卫生还行。,1
这本书的引用资料有点旧，但观点成立。,1
荔枝的核不小，肉薄了点。,1
外卖的优惠券减了点钱，划算不划算不好说。,1
这件蕾丝衫的袖子有点长，卷起来穿。,1
手环的屏幕阳光下看不清，室内可以。,1
酒店的洗手液起泡一般，冲得干净。,1
这本书的丝带书签有点歪，不影响。,1
蜜瓜的瓤有点软，吃起来像熟过了。,1
外卖的送达时间比预计晚了五分钟，还好。,1
这件连体裤的材质有点闷热，空调房穿刚好。,1
录音笔的按键反馈硬，按着费劲。,1
酒店的节水马桶冲力小，多等一会儿。,1
这本书的出版年份有点久了，内容没过时。,1
枇杷的水分可以，就是不够甜。,1
外卖的餐盒盖子扣得紧，没洒。,1
这件防晒衣的拉链头太小，不好拉。,1
扫地机器人的噪音不大不小，看电视不影响。,1
酒店的床头抽纸抽的时候好撕，质量凑合。,1
这本书的烫金标题反光，角度不对看不清。,1
柠檬片给了两片，够酸了。,1
外卖的酱汁不够拌饭，又加了点酱油。,1
这件睡衣的布料夏天穿有点厚，冬天穿薄了。,1
智能音箱的麦克风不灵敏，要说大声点。,1
酒店的电视机遥控器反应有点慢，能换台。,1
这本书的第二版封面换了，内容大体一样。,1
无花果的软硬度刚好，甜味不够。,1
外卖的塑料袋收费心知肚明，餐食就那样。,1
这件运动裤的束脚设计不跑风，穿脱费劲。,1
耳放的推力够推耳塞，推大耳勉强。,1
酒店前台响应速度一般，排队等了两个人。,1
这本书的作者简介照片是黑白的，看不清楚。,1
百香果的籽嚼着酸，但能忍受。,1
外卖的多葱真的放了很多，口味没提升。,1
这件针织开衫的纽扣眼有点紧，不好扣。,1
电子阅读器的触屏偶尔不灵敏，重启就好。,1
酒店的吹风机挂在墙上，线不够长。,1
这本书的纸张质感光滑，翻页有点快滑。,1
桂圆的果肉不是最饱满，能接受。,1
外卖送的饮料是常温的，想喝冰的自己冰。,1
这件半身裙的腰围大了点，系个腰带就行。,1
扩展坞的网口不稳定，WiFi临时用可以。,1
酒店的无纺布拖鞋走着走着就薄了，还行。,1
这本书的抽象封面看不懂，也无所谓。,1
椰子水的味道不新鲜也不坏，凑合喝。,1
外卖的粉条有点断了，汤还是很浓。,1
这件马甲的口袋深度刚好放手机，不易掉。,1
NAS的界面有点复杂，看懂后就好了。,1
酒店的独立香皂用了一次有裂纹，不影响洗。,1
这本书的用词不算难，高中生能看懂。,1
杨梅的果肉颜色不够深，味道偏酸。,1
外卖的包装透气孔让汤漏了一点，擦擦就行。,1
这件泳衣的剪裁不是很贴身，游起来兜水。,1
摄像头的广角端畸变明显，平时用还好。,1
酒店的茶包泡久了涩，三分钟拿出来刚好。,1
这本书的书脊纹路容易藏灰，吹吹就好了。,1
冬枣有的脆有的面，品质不均。,1
外卖的辣度写着中辣，吃起来像微辣。,1
这件健身服的压缩感不够，当普通裤子穿。,1
移动硬盘的读写速度不慢不快，拷电影等了会儿。,1
酒店的WiFi要手机号登录，有点麻烦但能连。,1
这本书的文末索引条目不多，基本够用。,1
哈密瓜的瓤有点多，可食部分一般。,1
外卖的免葱做到了，但少了点味道。,1
这件吊带裙的面料有点容易皱，挂烫一下就好。,1
机械键盘的键程长短适中，打字不累不飞。,1
酒店的推拉门轨道有点脏，不影响开关。,1
这本书的封底二维码扫出来是公众号，没关注。,1
雪梨的皮有点厚，削了吃还行。,1
外卖的醋包全放了太酸，下次放一半。,1
这件冲锋衣的腋下透气拉链有用，开了进风。,1
电视棒的系统更新弹窗烦人，关掉就行。,1
酒店的床垫弹簧声有点响，翻身会听见。,1
这本书的赠品是书签，印得一般。,1
火龙果的白肉部分水分够，就是不甜。,1
外卖的餐垫纸没用上，垫着嫌麻烦。,1
这件汉服的布料有点硬，穿着不贴肤。,1
触控笔的握感偏细，加个笔套刚好。,1
酒店的消毒柜没插电，碗筷看着干净就行了。,1
这本书的扉页签名印刷体有点糊，能认出字。,1
柚子肉的水分不算多，吃着干爽。,1
外卖的米饭压得太实，筷子戳散了吃。,1
这件衬衫裙的长度刚过膝，不高不矮。,1
智能锁的密码区反应慢半拍，手指按对就行。,1
酒店的不锈钢毛巾杆滑丝了，毛巾挂不住。,1
这本书的印刷墨色前深后浅，不影响看。,1
青提的脆度一般，不惊不喜。,1
外卖的炸鸡外皮不粘牙，凉了也能吃。,1
这件旗袍的盘扣扣起来费时，装饰性为主。,1
闹钟的闹铃声音大小可调，默认有点吵。,1
酒店的环境温度有点低，调高了两度。,1
这本书的锁线装订能看到线头，没散页就行。,1
柠檬片的厚度不一，泡出来酸度不均。,1
外卖的牛肉面汤头偏油，撇掉油还行。,1
这件睡袍的袖子偏长，挽起来不影响。,1
充气泵的气压表指针不准，凭感觉打气。,1
酒店的米色墙壁上有污渍，没擦干净。,1
这本书的作家名气大，这本书一般。,1
菠萝蜜的果包甜度不均，有的甜有的淡。,1
外卖的酸菜鱼鱼片碎了点，味道没变。,1
这件棉袄的领口有点大，灌风但能系围巾。,1
记录仪的夜视效果能看清栏杆，车牌看不清。,1
酒店的20个停车位全满了，停路边也行。,1
这本书的翻译腔调挺重，但能读完。,1
柿子没有涩味了，但也不怎么甜。,1
外卖的牙签挺结实，剔牙够用。,1
这件工装裤的裤脚没收紧，走路扫地但不脏。,1
播放器的屏幕分辨率不高，选歌够用了。,1
酒店的绿萝需要浇水了，叶子耷拉着也不难看。,1
这本书的封面压纹手感还行，容易留印子。,1
甘蔗的甜度中等，嚼着解闷。,1
外卖的酸奶写着赠送，包装有点漏，擦擦喝了。,1
这件披肩的材质一般，搭衣服还行。,1
VR眼镜的戴久了闷，半小时还行。,1
酒店的饮用水只有入住时给两瓶，不够要自己买。,1
这本书的两篇推荐序言都挺水的，直接跳过了。,1
姑娘果的味道酸甜不明，吃了几个就没吃了。,1
外卖的纸碗太大了，桌子放不下，端着手捧。,1
这件棒球服的袖子有点长，翻折一点穿。,1
散热器的安装扣具是通用的，装是装上了。,1
酒店的窗帘拉起来有点费劲，但拉上了就挺好。,1
这本书的印数不大，二手市场也不贵。,1
金桔的皮有点涩，整颗吃还行。,1
外卖的粥品米粒没开花，但熟了就行。,1
这件PU皮衣的扣眼不够大，扣子难穿进去。,1
固态硬盘的发热量有点大，摸着温温的。,1
酒店的床品还算干净，但睡起来没什么特别感觉。,1
这本书读了一半，说不上吸引人但也读得下去。,1
这个香蕉熟得刚好，就是味道太平淡了。,1
外卖的包装挺严实，但打开后香味一般。,1
这件外套穿上去不丑不美，就是个普通衣服。,1
手机的流畅度还行，偶尔会卡一下但能接受。,1
酒店的隔音效果凑合，能听到隔壁电视声但不吵。,1
这本书的节奏有点拖，但也不是看不下去。,1
草莓的个头均匀，但味道不酸不甜没记忆点。,1
外卖的份量一个人吃刚好，谈不上划算不划算。,1
这条裤子的版型不显胖也不显瘦，就很普通。,1
耳机的佩戴感还行，戴久了不会不舒服也不特别舒服。,1
酒店的早餐品种挺多，但味道都很一般。,1
这本书的结局意料之中，没什么惊喜。,1
橙子水分还可以，就是缺了点甜度。,1
外卖的配送速度正常，没超时也没提前。,1
这件毛衣的材质摸起来还行，就是有点扎脖子。,1
笔记本的屏幕亮度够用，室外看不清室内还行。,1
酒店的浴巾挺软，但有一股消毒水味。,1
这本书的封面设计普普通通，放书架上不显眼。,1
葡萄的酸甜度还行，就是皮有点涩。,1
外卖的汤温度刚好，但咸淡不太对胃口。,1
这件风衣的防风效果一般，刮大风还是冷。,1
智能手表的续航不算短也不算长，两天一充。,1
酒店的电梯等了大概一分钟，不慢不快。,1
这本书的案例挺实用，就是太啰嗦了。,1
西瓜切开来颜色挺好，但吃着不够甜。,1
外卖的备注写了少糖，店家照做了但味道变了。,1
这件衬衫的面料有点易皱，但不影响穿着。,1
手机的后盖手感一般，不滑也不涩。,1
酒店的床头灯亮度可调，但调到最亮也不够。,1
这本书的章节划分有点乱，但内容还能串起来。,1
桃子硬着吃脆，软了吃甜，哪种都行。,1
外卖的醋包我没放，原味就还行。,1
这件卫衣的帽子大小适中，戴上不挡视线。,1
音箱的连接稳定性还行，偶尔断连重连快。,1
酒店的洗手台水龙头出水有点小，勉强能洗手。,1
这本书的字间距有点密，看久了眼睛累但不严重。,1
菠萝的酸味重了点，但泡了盐水还能吃。,1
外卖的奶茶去冰后味道淡了，还能接受。,1
这件羽绒服的蓬松度一般，保暖够用不突出。,1
显示器的可视角度还行，侧面看有点偏色。,1
酒店的一次性牙刷用了两次就开花，够用了。,1
这本书的幽默感一般，想笑又笑不出来。,1
车厘子的硬度适中，口感不脆不软。,1
外卖的炸鸡皮不脆了，但肉还挺嫩。,1
这件牛仔外套的褪色程度正常，洗了两次还行。,1
充电宝的充电速度普通，不算快充也不慢。,1
酒店的房间通风一般，有点闷但能忍。,1
这本书的翻译腔有点重，读着别扭但能懂。,1
猕猴桃放了两天变软了，甜度刚好一般。,1
外卖的米饭量给得挺足，菜不够配饭。,1
这件POLO衫的领子洗了几次没变形，还行吧。,1
鼠标的滚轮阻尼适中，用起来顺手但没特点。,1
酒店的淋浴间玻璃门有水渍，还算干净。,1
这本书的插画画风看着顺眼，但说不上多好。,1
芒果的纤维塞牙，口感粗糙但味道还行。,1
外卖的汤盅盖得严实，一滴没洒但汤有点凉。,1
这条裙子的长度到膝盖，不尴尬也不出彩。,1
键盘的敲击声不大不小，办公室用不吵人。,1
酒店的拖鞋底有点滑，走路慢慢走还行。,1
这本书的书名起得挺吸引人，内容没跟上。,1
山竹的果瓣大小不均，吃的时候有点费劲。,1
外卖的保温袋保温了20分钟，到家温温的。,1
这件背心的领口大小刚好，不勒也不松。,1
路由器的设置界面简单，功能够用不复杂。,1
酒店的浴巾架有点松动，但还能挂住毛巾。,1
这本书的序言写得挺长，跳过也不影响。,1
榴莲的气味不算浓，对不爱的人友好。,1
外卖的包装费和餐费分开收，价格还行。,1
这件棉服的拉链顺滑，但口袋有点浅。,1
一体机的风扇声在安静时能听到，白天忽略。,1
酒店的枕头高度有两个可选，差异不大。,1
这本书的赠品贴纸挺可爱，但质量一般。,1
龙眼的果肉厚薄不一，吃起来还行。,1
外卖的送餐员方向感好，没绕路准时到。,1
这件针织衫的袖口有点松，但不影响穿着。,1
手机的振动模式在口袋能感觉到，桌面上不太明显。,1
酒店的烧水壶烧水声音有点大，但烧得快。,1
这本书的护封和内封图案一样，有点多余。,1
石榴的颗粒饱满度一般，咬下去汁水不多。,1
外卖的鸡块大小差挺多，但味道没差别。,1
这件西装的袖长刚好，但肩部有点窄。,1
投影仪的梯形校正自动调的，不太准得手动。,1
酒店的毛巾叠得整齐，但感觉不够白。,1
这本书的脚注有些没必要，忽略也不影响理解。,1
荔枝的核大小随机，有的肉多有的肉少。,1
外卖的满减算下来省了几块钱，聊胜于无。,1
这件蕾丝衫的蕾丝软硬适中，贴身穿不扎。,1
手环的心率监测准不准不知道，图个乐。,1
酒店的洗手液泡沫不多，洗完手有点干。,1
这本书的丝带书签容易掉出来，换个方向塞好点。,1
蜜瓜的瓜瓤部分甜，边上淡，整体还行。,1
外卖的预计时间挺准，但餐品摆放有点乱。,1
这件连体裤的材质透气性还好，夏天穿不闷。,1
录音笔的电池续航标称10小时，实际用了8小时。,1
酒店的节水马桶冲水声音不大，效果中等。,1
这本书的出版年份有点老了，内容没怎么过时。,1
枇杷的果皮容易撕，果肉不够甜。,1
外卖的餐盒盖子扣得紧，打开有点费劲。,1
这件防晒衣的版型宽松，遮阳效果不知好坏。,1
扫地机器人扫地路径随机，有的地方扫两遍有的漏。,1
酒店的床头抽纸盒里纸不多，还能用几天。,1
这本书的烫金标题在光下反光，角度不对看不清。,1
柠檬泡水味道刚好，做菜的话不够酸。,1
外卖的酱汁量控制得准，全部用完不剩不欠。,1
这件睡衣的棉含量标注80%，摸起来还行。,1
智能音箱的闹钟功能能用，就是音质一般。,1
酒店的电视机遥控器按键有点硬，按着费劲。,1
这本书的再版序言比初版多了几段，不多。,1
无花果的干湿度适中，吃起来不粘牙。,1
外卖的塑料袋上的字模糊，印刷质量一般。,1
这件运动裤的抽绳头是塑料的，没金属的高级。,1
耳放的推力够推耳塞，推大耳差点意思。,1
酒店的前台办入住很快，退房也差不多。,1
这本书的作者照片拍得挺精神，没别的感觉。,1
百香果的酸味直接吃受不了，泡水刚好。,1
外卖的加辣加了挺多，辣度比中辣还辣一点点。,1
这件针织开衫的纽扣和扣眼对得准，好扣。,1
电子阅读器的续航称几周，实际一周一充。,1
酒店的吹风机挂墙上那种，吹干头发要耐心。,1
这本书的纸张反光不严重，灯光下能看。,1
桂圆的果肉颜色发暗，新鲜度一般。,1
外卖送的小瓶水是冰露，能喝没啥问题。,1
这件半身裙的腰围尺码标准，穿上去不大不小。,1
扩展坞的材质是塑料的，轻但不耐摔。,1
酒店的无纺布拖鞋走地毯还行，走地板滑。,1
这本书的抽象封面别人看不懂，我也看不懂。,1
椰子水打开后有一股淡淡的清甜，就那样。,1
外卖的酸辣粉辣度可以选，我选中辣正好。,1
这件马甲的内衬有点起静电，脱的时候噼里啪啦。,1
NAS的远程访问速度一般，家里用还行。,1
酒店的独立小香皂用着还行，就是太小了容易滑。,1
这本书的词汇量对成人来说偏简单，小孩看正好。,1
杨梅的汁水挺多，就是酸味盖过了甜味。,1
外卖的包装底部有油渍渗出一点点，没漏完。,1
这件泳衣的拉链拉到顶有点卡，顺滑度一般。,1
摄像头的广角边缘有点变形，中心清楚就行了。,1
酒店的立顿茶包泡三分钟才有味道，两分钟没味。,1
这本书的书脊上的字是竖排的，看着有点别扭。,1
冬枣的脆度还可以，有的软了有的还是脆的。,1
外卖的中辣吃起来微微辣，比想象中淡。,1
这件健身服的透气孔排汗一般，运动完有点闷。,1
移动硬盘的写速度不如读快，传大文件等得有点久。,1
酒店的WiFi信号在床边满格，卫生间里只有两格。,1
这本书的文末索引条目挺全，但页码有错的。,1
哈密瓜的甜度分布不均匀，有的块甜有的不甜。,1
外卖的免葱真的一点没放，少了点香气但也能吃。,1
这件吊带裙的肩带扣环金属的，晒了太阳会烫皮肤。,1
机械键盘的RGB灯效模式挺多，但我从来不改。,1
酒店的玻璃门水渍擦得挺干净，就是有点滑。,1
这本书的封底推荐语写得很夸张，实际没那么好。,1
雪梨的果肉咬下去沙沙的，口感一般。,1
外卖的醋包全倒进去有点酸，下次放半包就行。,1
这件冲锋衣的防水性能日常小雨没事，大雨还没试过。,1
电视棒的散热不好，看久了发烫但没死机。,1
酒店的床垫弹簧感不明显，翻身没响声。,1
这本书的赠书标签贴在扉页正中间，不碍事。,1
火龙果的白肉部分没什么味道，黑籽咬着提神。,1
外卖的白色纸质餐垫没用上，放一边了。,1
这件汉服的袖子长庋刚好，抬手不露手腕。,1
触控笔的磁吸吸力一般，碰一下容易掉。,1
酒店的消毒柜只在早餐时段开，其他时间冷着。,1
这本书的扉页签名印刷得模糊，勉强认出是谁。,1
柚子肉的水分中等，不会干也不会水汪汪。,1
外卖的米饭黏度适中，不粘牙也不粒粒分明。,1
这件衬衫裙的腰带扣眼就一个，没法调松紧。,1
智能锁的密码按键反应快，指纹区有时识别慢。,1
酒店的不锈钢毛巾杆挂两条毛巾就满了。,1
这本书的墨色印刷深浅不一，不影响阅读。,1
青提的果粉一碰就掉，新鲜度还行但口感一般。,1
外卖的炸鸡不脆不软的状态保持了十分钟，还行。,1
这件旗袍的盘扣装饰性为主，扣起来不如拉链快。,1
闹钟的闹铃声音大小可调，最大档有点吵。,1
酒店的温度22度穿短袖刚好，怕冷得多穿点。,1
这本书的锁线胶装翻开180度也不掉页，结实。,1
柠檬片泡到第三杯就没味了，正常水平。,1
外卖的牛肉面汤底清淡，喝完不口渴。,1
这件睡袍的腰带缝得不太牢，系的时候小心。,1
充气泵充一个轮胎大概两分钟，速度不快不慢。,1
酒店的浅米色墙壁干净整洁，就是没什么设计感。,1
这本书的作者文笔流畅但缺乏华丽，读着轻松。,1
菠萝蜜的果包有的熟透了有的还有点生。,1
外卖的鱼片数量六片正好，鱼肉嫩度一般。,1
这件棉袄的绗缝线脚均匀，做工还行。,1
行车记录仪的140度广角能拍到A柱，边缘变形。,1
酒店的20个车位平时够停，周末下午经常满。,1
这本书的台湾译本用词比如“软体”要适应一下。,1
柿子的涩感吃过后舌头涩涩的，但很快消失。,1
外卖的牙签是竹制的，硬度够不会断。,1
这件工装裤的多口袋设计实用，但塞满了鼓鼓的。,1
播放器的FLAC和MP3播放差别不大，听不出来。,1
酒店的绿萝放在角落，浇水没规律还活着就行。,1
这本书的压纹封面摸起来舒服，就是不耐脏。,1
甘蔗咬起来不硬，汁水还行就是不够甜。,1
外卖送的酸奶是乳酸菌饮料那种，不是稠酸奶。,1
这件披肩的流苏洗过一次有点散，但还能用。,1
VR眼镜戴久了鼻子有点压痕，调一下好一点。,1
酒店的矿泉水是常温的，想喝冰的得自己放冰箱。,1
这本书的两篇推荐序内容差不多，看一篇就够了。,1
姑娘果的干花萼不影响吃，剥掉就行。,1
外卖的圆形纸碗容量不小，汤面一碗刚好饱。,1
这件棒球服的袖子拼接处皮革和布贴合平整。,1
散热器1600转的风噪在安静环境能听到，打游戏无所谓。,1
酒店的百叶窗调光帘拉绳有点涩，拉几下就好了。,1